<?xml version="1.0" encoding="UTF-8" standalone="yes"?>
<?xml-stylesheet type="text/xsl" href="modx.prosilver.en.xsl"?>
<!--NOTICE: Please open this file in your web browser. If presented with a security warning, you may safely tell it to allow the blocked content.-->
<!--For security purposes, please check: http://www.phpbb.com/mods/ for the latest version of this MOD.\nAlthough MODs are checked before being allowed in the MODs Database there is no guarantee that there are no security problems within the MOD.\nNo support will be given for MODs not found within the MODs Database which can be found at http://www.phpbb.com/mods/-->
<mod xmlns:xsi="http://www.w3.org/2001/XMLSchema-instance" xmlns="https://www.phpbb.com/mods/xml/modx-1.2.6.xsd">
	<header>
		<meta name="generator" content="MODX file generated with PP MODX Creator by tumba25 (online version)"/>
		<license><![CDATA[http://opensource.org/licenses/gpl-license.php GNU General Public License v2]]></license>
		<title lang="en"><![CDATA[eMosbat TinyMCE Integration French Translation]]></title>
		<description lang="en"><![CDATA[TinyMCE WYSIWYG Editor Integration with support of smilies and custom BBCodes.]]></description>
		<author-notes lang="en"><![CDATA[- To display icon for custom BBCode, upload 24x24 pixels gif image with same name of custom bbcode to images/bbcodes folder. for example for a custom bbcode with this name: youtube, upload youtube.gif to images/bbcodes folder.

- You may download latest version of tinymce and upload 'tiny_mce' folder to styles/prosilver/template and styles/subsilver2/template folder. in this case do not forget to copy phpbbcode tinymce plugin to plugins folder.]]></author-notes>
		<author-group>
			<author>
				<username><![CDATA[Mathieu M.]]></username>
			</author>
		</author-group>
		<mod-version>1.5.9</mod-version>
		<installation>
			<level>easy</level>
			<time>480</time>
			<target-version>3.0.11</target-version>
		</installation>
	</header>
	<action-group>
		<copy>
			<file from="contrib/fr_emosbat-tinymce-integration (by Mathieu M.)/root/*.*" to="*.*"/>
		</copy>
	</action-group>
</mod>
