<?xml version="1.0" encoding="UTF-8" standalone="yes"?>
<?xml-stylesheet type="text/xsl" href="modx.prosilver.en.xsl"?>
<!--NOTICE: Please open this file in your web browser. If presented with a security warning, you may safely tell it to allow the blocked content.-->
<!--For security purposes, please check: http://www.phpbb.com/mods/ for the latest version of this MOD.\nAlthough MODs are checked before being allowed in the MODs Database there is no guarantee that there are no security problems within the MOD.\nNo support will be given for MODs not found within the MODs Database which can be found at http://www.phpbb.com/mods/-->
<mod xmlns:xsi="http://www.w3.org/2001/XMLSchema-instance" xmlns="https://www.phpbb.com/mods/xml/modx-1.2.6.xsd">
	<header>
		<meta name="generator" content="MODX file generated with PP MODX Creator by tumba25 (online version)"/>
		<license><![CDATA[http://opensource.org/licenses/gpl-license.php GNU General Public License v2]]></license>
		<title lang="en"><![CDATA[eMosbat TinyMCE for Quick Reply - Subsilver2]]></title>
		<description lang="en"><![CDATA[TinyMCE WYSIWYG editor for quick reply with support of smilies and custom BBCodes.]]></description>
		<author-notes lang="en"><![CDATA[NOTE: you need to install eMosbat TinyMCE Integration MOD before using this MOD.]]></author-notes>
		<author-group>
			<author>
				<username><![CDATA[emosbat]]></username>
				<homepage><![CDATA[https://github.com/eMosbat]]></homepage>
			</author>
		</author-group>
		<mod-version>1.5.9</mod-version>
		<installation>
			<level>easy</level>
			<time>300</time>
			<target-version>3.0.11</target-version>
		</installation>
	</header>
	<action-group>
		<open src="styles/subsilver2/template/quickreply_editor.html">
			<edit>
				<find><![CDATA[<form method="post" action="{U_QR_ACTION}">]]></find>
				<action type="after-add"><![CDATA[<!-- INCLUDE emotinymce_editor.html -->
]]></action>
			</edit>
			<edit>
				<find><![CDATA[<table class="tablebg" width="100%" cellspacing="1">]]></find>
				<inline-edit>
					<inline-find><![CDATA[class="tablebg"]]></inline-find>
					<inline-action type="after-add"><![CDATA[ <!-- IF EMOTINYMCE_QUICKQUOTE --> id="qr_editor_tbl" <!-- ENDIF --> ]]></inline-action>
				</inline-edit>
			</edit>
			<edit>
				<find><![CDATA[<td class="row2" valign="top" align="left" width="78%"><textarea name="message" rows="7" cols="76" tabindex="3"  style="width: 700px; height: 130px; min-width: 98%; max-width: 98%;"></textarea> </td>]]></find>
				<action type="replace-with"><![CDATA[			<td class="row2" valign="top" align="left" width="78%">
				<textarea name="message" id="message" rows="7" cols="76" tabindex="3"  style="width: 700px; height: 130px; min-width: 98%; max-width: 98%;"></textarea></td>
<!-- IF EMOTINYMCE_ENABLE -->
		</tr>
		<tr>
			<td class="row1" width="22%"><b class="genmed">{L_SMILIES}:</b></td>
			<td class="row2" valign="top" align="left" width="78%">
		<!-- IF EMOTINYMCE_ENABLE and S_SMILIES_ALLOWED and .smiley -->
			<!-- BEGIN smiley -->
				<a href="#" onclick="insert_text('{smiley.A_SMILEY_CODE}', true); return false;"><img src="{smiley.SMILEY_IMG}" width="{smiley.SMILEY_WIDTH}" height="{smiley.SMILEY_HEIGHT}" alt="{smiley.SMILEY_CODE}" title="{smiley.SMILEY_DESC}" /></a>
			<!-- END smiley -->
		<!-- ENDIF -->
		   </td>
<!-- ENDIF -->
]]></action>
			</edit>
		</open>
		<open src="styles/subsilver2/template/viewtopic_body.html">
			<edit>
				<find><![CDATA[<div class="postbody">{postrow.MESSAGE}</div>]]></find>
				<inline-edit>
					<inline-find><![CDATA[class="postbody"]]></inline-find>
					<inline-action type="after-add"><![CDATA[ <!-- IF EMOTINYMCE_QUICKQUOTE --> id="post_content_{postrow.POST_ID}" <!-- ENDIF --> ]]></inline-action>
				</inline-edit>
			</edit>
			<edit>
				<find><![CDATA[<!-- IF postrow.U_QUOTE --><a href="{postrow.U_QUOTE}">{QUOTE_IMG}</a> <!-- ENDIF -->]]></find>
				<inline-edit>
					<inline-find><![CDATA[href="{postrow.U_QUOTE}"]]></inline-find>
					<inline-action type="after-add"><![CDATA[ <!-- IF EMOTINYMCE_QUICKQUOTE --> onclick="return reply_with_quote('{postrow.POST_ID}','{postrow.POST_AUTHOR}');" <!-- ENDIF --> ]]></inline-action>
				</inline-edit>
			</edit>
		</open>
	</action-group>
</mod>
